ticker,name,sector
ABMM.JK,ABM Investama Tbk.,Energy
ADMR.JK,Adaro Minerals Indonesia Tbk.,Energy
ADRO.JK,Adaro Energy Indonesia Tbk.,Energy
AIMS.JK,Artha Mahiya Investama Tbk.,Energy
AKRA.JK,AKR Corporindo Tbk.,Energy
ALII.JK,Ancara Logistics Indonesia Tbk,Energy
APEX.JK,Apexindo Pratama Duta Tbk.,Energy
ARII.JK,Atlas Resources Tbk.,Energy
ARTI.JK,Ratu Prabu Energi Tbk,Energy
ATLA.JK,Atlantis Subsea Indonesia Tbk.,Energy
BBRM.JK,Pelayaran Nasional Bina Buana ,Energy
BESS.JK,Batulicin Nusantara Maritim Tb,Energy
BIPI.JK,Astrindo Nusantara Infrastrukt,Energy
BOSS.JK,Borneo Olah Sarana Sukses Tbk.,Energy
BSML.JK,Bintang Samudera Mandiri Lines,Energy
BSSR.JK,Baramulti Suksessarana Tbk.,Energy
BULL.JK,Buana Lintas Lautan Tbk.,Energy
BUMI.JK,Bumi Resources Tbk.,Energy
BYAN.JK,Bayan Resources Tbk.,Energy
CANI.JK,Capitol Nusantara Indonesia Tb,Energy
CBRE.JK,Cakra Buana Resources Energi T,Energy
CGAS.JK,Citra Nusantara Gemilang Tbk.,Energy
CNKO.JK,Exploitasi Energi Indonesia Tb,Energy
COAL.JK,Black Diamond Resources Tbk.,Energy
CUAN.JK,Petrindo Jaya Kreasi Tbk.,Energy
DEWA.JK,Darma Henwa Tbk,Energy
DOID.JK,Delta Dunia Makmur Tbk.,Energy
DSSA.JK,Dian Swastatika Sentosa Tbk,Energy
DWGL.JK,Dwi Guna Laksana Tbk.,Energy
ELSA.JK,Elnusa Tbk.,Energy
ENRG.JK,Energi Mega Persada Tbk.,Energy
FIRE.JK,Alfa Energi Investama Tbk.,Energy
GEMS.JK,Golden Energy Mines Tbk.,Energy
GTBO.JK,Garda Tujuh Buana Tbk,Energy
GTSI.JK,GTS Internasional Tbk.,Energy
HILL.JK,Hillcon Tbk.,Energy
HITS.JK,Humpuss Intermoda Transportasi,Energy
HRUM.JK,Harum Energy Tbk.,Energy
HUMI.JK,Humpuss Maritim Internasional ,Energy
IATA.JK,MNC Energy Investments Tbk.,Energy
INDY.JK,Indika Energy Tbk.,Energy
INPS.JK,Indah Prakasa Sentosa Tbk.,Energy
ITMA.JK,Sumber Energi Andalan Tbk.,Energy
ITMG.JK,Indo Tambangraya Megah Tbk.,Energy
JSKY.JK,Sky Energy Indonesia Tbk.,Energy
KKGI.JK,Resource Alam Indonesia Tbk.,Energy
KOPI.JK,Mitra Energi Persada Tbk.,Energy
LEAD.JK,Logindo Samudramakmur Tbk.,Energy
MAHA.JK,Mandiri Herindo Adiperkasa Tbk,Energy
MBAP.JK,Mitrabara Adiperdana Tbk.,Energy
MBSS.JK,Mitrabahtera Segara Sejati Tbk,Energy
MCOL.JK,Prima Andalan Mandiri Tbk.,Energy
MEDC.JK,Medco Energi Internasional Tbk,Energy
MKAP.JK,Multikarya Asia Pasifik Raya T,Energy
MTFN.JK,Capitalinc Investment Tbk.,Energy
MYOH.JK,Samindo Resources Tbk.,Energy
PGAS.JK,Perusahaan Gas Negara Tbk.,Energy
PKPK.JK,Perdana Karya Perkasa Tbk,Energy
PSSI.JK,IMC Pelita Logistik Tbk.,Energy
PTBA.JK,Bukit Asam Tbk.,Energy
PTIS.JK,Indo Straits Tbk.,Energy
PTRO.JK,Petrosea Tbk.,Energy
RAJA.JK,Rukun Raharja Tbk.,Energy
RGAS.JK,Kian Santang Muliatama Tbk.,Energy
RIGS.JK,Rig Tenders Indonesia Tbk.,Energy
RMKE.JK,RMK Energy Tbk.,Energy
RMKO.JK,Royaltama Mulia Kontraktorindo,Energy
RUIS.JK,Radiant Utama Interinsco Tbk.,Energy
SEMA.JK,Semacom Integrated Tbk.,Energy
SGER.JK,Sumber Global Energy Tbk.,Energy
SHIP.JK,Sillo Maritime Perdana Tbk.,Energy
SICO.JK,Sigma Energy Compressindo Tbk.,Energy
SMMT.JK,Golden Eagle Energy Tbk.,Energy
SMRU.JK,SMR Utama Tbk.,Energy
SOCI.JK,Soechi Lines Tbk.,Energy
SUGI.JK,Sugih Energy Tbk.,Energy
SUNI.JK,Sunindo Pratama Tbk.,Energy
SURE.JK,Super Energy Tbk.,Energy
TAMU.JK,Pelayaran Tamarin Samudra Tbk.,Energy
TCPI.JK,Transcoal Pacific Tbk.,Energy
TEBE.JK,Dana Brata Luhur Tbk.,Energy
TOBA.JK,TBS Energi Utama Tbk.,Energy
TPMA.JK,Trans Power Marine Tbk.,Energy
TRAM.JK,Trada Alam Minera Tbk.,Energy
UNIQ.JK,Ulima Nitra Tbk.,Energy
WINS.JK,Wintermar Offshore Marine Tbk.,Energy
WOWS.JK,Ginting Jaya Energi Tbk.,Energy
ADMG.JK,Polychem Indonesia Tbk,Basic Materials
AGII.JK,Samator Indo Gas Tbk.,Basic Materials
AKPI.JK,Argha Karya Prima Industry Tbk,Basic Materials
ALDO.JK,Alkindo Naratama Tbk.,Basic Materials
ALKA.JK,Alakasa Industrindo Tbk,Basic Materials
ALMI.JK,Alumindo Light Metal Industry ,Basic Materials
AMMN.JK,Amman Mineral Internasional Tb,Basic Materials
ANTM.JK,Aneka Tambang Tbk.,Basic Materials
APLI.JK,Asiaplast Industries Tbk.,Basic Materials
ARCI.JK,Archi Indonesia Tbk.,Basic Materials
AVIA.JK,Avia Avian Tbk.,Basic Materials
AYLS.JK,Agro Yasa Lestari Tbk.,Basic Materials
BAJA.JK,Saranacentral Bajatama Tbk.,Basic Materials
BATR.JK,Benteng Api Technic Tbk.,Basic Materials
BEBS.JK,Berkah Beton Sadaya Tbk.,Basic Materials
BLES.JK,Superior Prima Sukses Tbk.,Basic Materials
BMSR.JK,Bintang Mitra Semestaraya Tbk,Basic Materials
BRMS.JK,Bumi Resources Minerals Tbk.,Basic Materials
BRNA.JK,Berlina Tbk.,Basic Materials
BRPT.JK,Barito Pacific Tbk.,Basic Materials
BTON.JK,Betonjaya Manunggal Tbk.,Basic Materials
CHEM.JK,Chemstar Indonesia Tbk.,Basic Materials
CITA.JK,Cita Mineral Investindo Tbk.,Basic Materials
CLPI.JK,Colorpak Indonesia Tbk.,Basic Materials
CMNT.JK,Cemindo Gemilang Tbk.,Basic Materials
CTBN.JK,Citra Tubindo Tbk.,Basic Materials
DKFT.JK,Central Omega Resources Tbk.,Basic Materials
DPNS.JK,Duta Pertiwi Nusantara Tbk.,Basic Materials
EKAD.JK,Ekadharma International Tbk.,Basic Materials
EPAC.JK,Megalestari Epack Sentosaraya ,Basic Materials
ESIP.JK,Sinergi Inti Plastindo Tbk.,Basic Materials
ESSA.JK,ESSA Industries Indonesia Tbk.,Basic Materials
ETWA.JK,Eterindo Wahanatama Tbk,Basic Materials
FASW.JK,Fajar Surya Wisesa Tbk.,Basic Materials
FPNI.JK,Lotte Chemical Titan Tbk.,Basic Materials
FWCT.JK,Wijaya Cahaya Timber Tbk.,Basic Materials
GDST.JK,Gunawan Dianjaya Steel Tbk.,Basic Materials
GGRP.JK,Gunung Raja Paksi Tbk.,Basic Materials
HKMU.JK,HK Metals Utama Tbk.,Basic Materials
IFII.JK,Indonesia Fibreboard Industry ,Basic Materials
IFSH.JK,Ifishdeco Tbk.,Basic Materials
IGAR.JK,Champion Pacific Indonesia Tbk,Basic Materials
INAI.JK,Indal Aluminium Industry Tbk.,Basic Materials
INCF.JK,Indo Komoditi Korpora Tbk.,Basic Materials
INCI.JK,Intanwijaya Internasional Tbk,Basic Materials
INCO.JK,Vale Indonesia Tbk.,Basic Materials
INKP.JK,Indah Kiat Pulp & Paper Tbk.,Basic Materials
INRU.JK,Toba Pulp Lestari Tbk.,Basic Materials
INTD.JK,Inter Delta Tbk,Basic Materials
INTP.JK,Indocement Tunggal Prakarsa Tb,Basic Materials
IPOL.JK,Indopoly Swakarsa Industry Tbk,Basic Materials
ISSP.JK,Steel Pipe Industry of Indones,Basic Materials
JKSW.JK,Jakarta Kyoei Steel Works Tbk.,Basic Materials
KAYU.JK,Darmi Bersaudara Tbk.,Basic Materials
KBRI.JK,Kertas Basuki Rachmat Indonesi,Basic Materials
KDSI.JK,Kedawung Setia Industrial Tbk.,Basic Materials
KKES.JK,Kusuma Kemindo Sentosa Tbk.,Basic Materials
KMTR.JK,Kirana Megatara Tbk.,Basic Materials
KRAS.JK,Krakatau Steel (Persero) Tbk.,Basic Materials
LMSH.JK,Lionmesh Prima Tbk.,Basic Materials
LTLS.JK,Lautan Luas Tbk.,Basic Materials
MBMA.JK,Merdeka Battery Materials Tbk.,Basic Materials
MDKA.JK,Merdeka Copper Gold Tbk.,Basic Materials
MDKI.JK,Emdeki Utama Tbk.,Basic Materials
MOLI.JK,Madusari Murni Indah Tbk.,Basic Materials
NCKL.JK,Trimegah Bangun Persada Tbk.,Basic Materials
NICE.JK,Adhi Kartiko Pratama Tbk.,Basic Materials
NICL.JK,PAM Mineral Tbk.,Basic Materials
NIKL.JK,Pelat Timah Nusantara Tbk.,Basic Materials
NPGF.JK,Nusa Palapa Gemilang Tbk.,Basic Materials
OBMD.JK,OBM Drilchem Tbk.,Basic Materials
OKAS.JK,Ancora Indonesia Resources Tbk,Basic Materials
OPMS.JK,Optima Prima Metal Sinergi Tbk,Basic Materials
PACK.JK,Solusi Kemasan Digital Tbk.,Basic Materials
PBID.JK,Panca Budi Idaman Tbk.,Basic Materials
PDPP.JK,Primadaya Plastisindo Tbk.,Basic Materials
PICO.JK,Pelangi Indah Canindo Tbk,Basic Materials
PPRI.JK,Paperocks Indonesia Tbk.,Basic Materials
PSAB.JK,J Resources Asia Pasifik Tbk.,Basic Materials
PURE.JK,Trinitan Metals and Minerals T,Basic Materials
SAMF.JK,Saraswanti Anugerah Makmur Tbk,Basic Materials
SBMA.JK,Surya Biru Murni Acetylene Tbk,Basic Materials
SIMA.JK,Siwani Makmur Tbk,Basic Materials
SMBR.JK,Semen Baturaja Tbk.,Basic Materials
SMCB.JK,Solusi Bangun Indonesia Tbk.,Basic Materials
SMGA.JK,Sumber Mineral Global Abadi Tb,Basic Materials
SMGR.JK,Semen Indonesia (Persero) Tbk.,Basic Materials
SMKL.JK,Satyamitra Kemas Lestari Tbk.,Basic Materials
SMLE.JK,Sinergi Multi Lestarindo Tbk.,Basic Materials
SOLA.JK,Xolare RCR Energy Tbk.,Basic Materials
SPMA.JK,Suparma Tbk.,Basic Materials
SQMI.JK,Wilton Makmur Indonesia Tbk.,Basic Materials
SRSN.JK,Indo Acidatama Tbk,Basic Materials
SULI.JK,SLJ Global Tbk.,Basic Materials
SWAT.JK,Sriwahana Adityakarta Tbk.,Basic Materials
TALF.JK,Tunas Alfin Tbk.,Basic Materials
TBMS.JK,Tembaga Mulia Semanan Tbk.,Basic Materials
TDPM.JK,Tianrong Chemicals Industry Tb,Basic Materials
TINS.JK,Timah Tbk.,Basic Materials
TIRT.JK,Tirta Mahakam Resources Tbk,Basic Materials
TKIM.JK,Pabrik Kertas Tjiwi Kimia Tbk.,Basic Materials
TPIA.JK,Chandra Asri Pacific Tbk.,Basic Materials
TRST.JK,Trias Sentosa Tbk.,Basic Materials
UNIC.JK,Unggul Indah Cahaya Tbk.,Basic Materials
WSBP.JK,Waskita Beton Precast Tbk.,Basic Materials
WTON.JK,Wijaya Karya Beton Tbk.,Basic Materials
YPAS.JK,Yanaprima Hastapersada Tbk,Basic Materials
ZINC.JK,Kapuas Prima Coal Tbk.,Basic Materials
AMFG.JK,Asahimas Flat Glass Tbk.,Industrials
AMIN.JK,Ateliers Mecaniques D Indonesi,Industrials
APII.JK,Arita Prima Indonesia Tbk.,Industrials
ARKA.JK,Arkha Jayanti Persada Tbk.,Industrials
ARNA.JK,Arwana Citramulia Tbk.,Industrials
ASGR.JK,Astra Graphia Tbk.,Industrials
ASII.JK,Astra International Tbk.,Industrials
BHIT.JK,MNC Asia Holding Tbk.,Industrials
BINO.JK,Perma Plasindo Tbk.,Industrials
BLUE.JK,Berkah Prima Perkasa Tbk.,Industrials
BNBR.JK,Bakrie & Brothers Tbk,Industrials
CAKK.JK,Cahayaputra Asa Keramik Tbk.,Industrials
CCSI.JK,Communication Cable Systems In,Industrials
CRSN.JK,Carsurin Tbk.,Industrials
CTTH.JK,Citatah Tbk.,Industrials
DYAN.JK,Dyandra Media International Tb,Industrials
FOLK.JK,Multi Garam Utama Tbk.,Industrials
GPSO.JK,Geoprima Solusi Tbk.,Industrials
HEXA.JK,Hexindo Adiperkasa Tbk.,Industrials
HOPE.JK,Harapan Duta Pertiwi Tbk.,Industrials
HYGN.JK,Ecocare Indo Pasifik Tbk.,Industrials
IBFN.JK,Intan Baru Prana Tbk.,Industrials
ICON.JK,Island Concepts Indonesia Tbk.,Industrials
IKAI.JK,Intikeramik Alamasri Industri ,Industrials
IKBI.JK,Sumi Indo Kabel Tbk.,Industrials
IMPC.JK,Impack Pratama Industri Tbk.,Industrials
INDX.JK,Tanah Laut Tbk,Industrials
INTA.JK,Intraco Penta Tbk.,Industrials
JECC.JK,Jembo Cable Company Tbk.,Industrials
JTPE.JK,Jasuindo Tiga Perkasa Tbk.,Industrials
KBLI.JK,KMI Wire & Cable Tbk.,Industrials
KBLM.JK,Kabelindo Murni Tbk.,Industrials
KIAS.JK,Keramika Indonesia Assosiasi T,Industrials
KING.JK,Hoffmen Cleanindo Tbk.,Industrials
KOBX.JK,Kobexindo Tractors Tbk.,Industrials
KOIN.JK,Kokoh Inti Arebama Tbk,Industrials
KONI.JK,Perdana Bangun Pusaka Tbk,Industrials
KPAL.JK,Steadfast Marine Tbk.,Industrials
KRAH.JK,Grand Kartech Tbk.,Industrials
KUAS.JK,Ace Oldfields Tbk.,Industrials
LABA.JK,Ladangbaja Murni Tbk.,Industrials
LION.JK,Lion Metal Works Tbk.,Industrials
MARK.JK,Mark Dynamics Indonesia Tbk.,Industrials
MDRN.JK,Modern Internasional Tbk.,Industrials
MFMI.JK,Multifiling Mitra Indonesia Tb,Industrials
MHKI.JK,Multi Hanna Kreasindo Tbk.,Industrials
MLIA.JK,Mulia Industrindo Tbk,Industrials
MUTU.JK,Mutuagung Lestari Tbk.,Industrials
NTBK.JK,Nusatama Berkah Tbk.,Industrials
PADA.JK,Personel Alih Daya Tbk.,Industrials
PIPA.JK,Multi Makmur Lemindo Tbk.,Industrials
PTMP.JK,Mitra Pack Tbk.,Industrials
SCCO.JK,Supreme Cable Manufacturing & ,Industrials
SINI.JK,Singaraja Putra Tbk.,Industrials
SKRN.JK,Superkrane Mitra Utama Tbk.,Industrials
SMIL.JK,Sarana Mitra Luas Tbk.,Industrials
SOSS.JK,Shield On Service Tbk.,Industrials
SPTO.JK,Surya Pertiwi Tbk.,Industrials
TIRA.JK,Tira Austenite Tbk,Industrials
TOTO.JK,Surya Toto Indonesia Tbk.,Industrials
TRIL.JK,Triwira Insanlestari Tbk.,Industrials
UNTR.JK,United Tractors Tbk.,Industrials
VISI.JK,Satu Visi Putra Tbk.,Industrials
VOKS.JK,Voksel Electric Tbk.,Industrials
WIDI.JK,Widiant Jaya Krenindo Tbk.,Industrials
ZBRA.JK,Dosni Roha Indonesia Tbk.,Industrials
AALI.JK,Astra Agro Lestari Tbk.,Consumer Non-Cyclical
ADES.JK,Akasha Wira International Tbk.,Consumer Non-Cyclical
AGAR.JK,Asia Sejahtera Mina Tbk.,Consumer Non-Cyclical
AISA.JK,FKS Food Sejahtera Tbk.,Consumer Non-Cyclical
ALTO.JK,Tri Banyan Tirta Tbk.,Consumer Non-Cyclical
AMMS.JK,Agung Menjangan Mas Tbk.,Consumer Non-Cyclical
AMRT.JK,Sumber Alfaria Trijaya Tbk.,Consumer Non-Cyclical
ANDI.JK,Andira Agro Tbk.,Consumer Non-Cyclical
ANJT.JK,Austindo Nusantara Jaya Tbk.,Consumer Non-Cyclical
ASHA.JK,Cilacap Samudera Fishing Indus,Consumer Non-Cyclical
AYAM.JK,Janu Putra Sejahtera Tbk.,Consumer Non-Cyclical
BEEF.JK,Estika Tata Tiara Tbk.,Consumer Non-Cyclical
BEER.JK,Jobubu Jarum Minahasa Tbk.,Consumer Non-Cyclical
BISI.JK,BISI International Tbk.,Consumer Non-Cyclical
BOBA.JK,Formosa Ingredient Factory Tbk,Consumer Non-Cyclical
BTEK.JK,Bumi Teknokultura Unggul Tbk,Consumer Non-Cyclical
BUAH.JK,Segar Kumala Indonesia Tbk.,Consumer Non-Cyclical
BUDI.JK,Budi Starch & Sweetener Tbk.,Consumer Non-Cyclical
BWPT.JK,Eagle High Plantations Tbk.,Consumer Non-Cyclical
CAMP.JK,Campina Ice Cream Industry Tbk,Consumer Non-Cyclical
CBUT.JK,Citra Borneo Utama Tbk.,Consumer Non-Cyclical
CEKA.JK,Wilmar Cahaya Indonesia Tbk.,Consumer Non-Cyclical
CLEO.JK,Sariguna Primatirta Tbk.,Consumer Non-Cyclical
CMRY.JK,Cisarua Mountain Dairy Tbk.,Consumer Non-Cyclical
COCO.JK,Wahana Interfood Nusantara Tbk,Consumer Non-Cyclical
CPIN.JK,Charoen Pokphand Indonesia Tbk,Consumer Non-Cyclical
CPRO.JK,Central Proteina Prima Tbk.,Consumer Non-Cyclical
CRAB.JK,Toba Surimi Industries Tbk.,Consumer Non-Cyclical
CSRA.JK,Cisadane Sawit Raya Tbk.,Consumer Non-Cyclical
DAYA.JK,Duta Intidaya Tbk.,Consumer Non-Cyclical
DEWI.JK,Dewi Shri Farmindo Tbk.,Consumer Non-Cyclical
DLTA.JK,Delta Djakarta Tbk.,Consumer Non-Cyclical
DMND.JK,Diamond Food Indonesia Tbk.,Consumer Non-Cyclical
DPUM.JK,Dua Putra Utama Makmur Tbk.,Consumer Non-Cyclical
DSFI.JK,Dharma Samudera Fishing Indust,Consumer Non-Cyclical
DSNG.JK,Dharma Satya Nusantara Tbk.,Consumer Non-Cyclical
ENZO.JK,Morenzo Abadi Perkasa Tbk.,Consumer Non-Cyclical
EPMT.JK,Enseval Putera Megatrading Tbk,Consumer Non-Cyclical
EURO.JK,Estee Gold Feet Tbk.,Consumer Non-Cyclical
FAPA.JK,FAP Agri Tbk.,Consumer Non-Cyclical
FISH.JK,FKS Multi Agro Tbk.,Consumer Non-Cyclical
FLMC.JK,Falmaco Nonwoven Industri Tbk.,Consumer Non-Cyclical
FOOD.JK,Sentra Food Indonesia Tbk.,Consumer Non-Cyclical
GGRM.JK,Gudang Garam Tbk.,Consumer Non-Cyclical
GOLL.JK,Golden Plantation Tbk.,Consumer Non-Cyclical
GOOD.JK,Garudafood Putra Putri Jaya Tb,Consumer Non-Cyclical
GRPM.JK,Graha Prima Mentari Tbk.,Consumer Non-Cyclical
GULA.JK,Aman Agrindo Tbk.,Consumer Non-Cyclical
GUNA.JK,Gunanusa Eramandiri Tbk.,Consumer Non-Cyclical
GZCO.JK,Gozco Plantations Tbk.,Consumer Non-Cyclical
HERO.JK,Hero Supermarket Tbk.,Consumer Non-Cyclical
HMSP.JK,H.M. Sampoerna Tbk.,Consumer Non-Cyclical
HOKI.JK,Buyung Poetra Sembada Tbk.,Consumer Non-Cyclical
IBOS.JK,Indo Boga Sukses Tbk.,Consumer Non-Cyclical
ICBP.JK,Indofood CBP Sukses Makmur Tbk,Consumer Non-Cyclical
IKAN.JK,Era Mandiri Cemerlang Tbk.,Consumer Non-Cyclical
INDF.JK,Indofood Sukses Makmur Tbk.,Consumer Non-Cyclical
IPPE.JK,Indo Pureco Pratama Tbk.,Consumer Non-Cyclical
ISEA.JK,Indo American Seafoods Tbk.,Consumer Non-Cyclical
ITIC.JK,Indonesian Tobacco Tbk.,Consumer Non-Cyclical
JARR.JK,Jhonlin Agro Raya Tbk.,Consumer Non-Cyclical
JAWA.JK,Jaya Agra Wattie Tbk.,Consumer Non-Cyclical
JPFA.JK,Japfa Comfeed Indonesia Tbk.,Consumer Non-Cyclical
KEJU.JK,Mulia Boga Raya Tbk.,Consumer Non-Cyclical
KINO.JK,Kino Indonesia Tbk.,Consumer Non-Cyclical
KMDS.JK,Kurniamitra Duta Sentosa Tbk.,Consumer Non-Cyclical
KPAS.JK,Cottonindo Ariesta Tbk.,Consumer Non-Cyclical
LAPD.JK,Leyand International Tbk.,Consumer Non-Cyclical
LSIP.JK,PP London Sumatra Indonesia Tb,Consumer Non-Cyclical
MAGP.JK,Multi Agro Gemilang Plantation,Consumer Non-Cyclical
MAIN.JK,Malindo Feedmill Tbk.,Consumer Non-Cyclical
MAXI.JK,Maxindo Karya Anugerah Tbk.,Consumer Non-Cyclical
MBTO.JK,Martina Berto Tbk.,Consumer Non-Cyclical
MGRO.JK,Mahkota Group Tbk.,Consumer Non-Cyclical
MIDI.JK,Midi Utama Indonesia Tbk.,Consumer Non-Cyclical
MKTR.JK,Menthobi Karyatama Raya Tbk.,Consumer Non-Cyclical
MLBI.JK,Multi Bintang Indonesia Tbk.,Consumer Non-Cyclical
MLPL.JK,Multipolar Tbk.,Consumer Non-Cyclical
MPPA.JK,Matahari Putra Prima Tbk.,Consumer Non-Cyclical
MRAT.JK,Mustika Ratu Tbk.,Consumer Non-Cyclical
MSJA.JK,Multi Spunindo Jaya Tbk.,Consumer Non-Cyclical
MYOR.JK,Mayora Indah Tbk.,Consumer Non-Cyclical
NANO.JK,Nanotech Indonesia Global Tbk.,Consumer Non-Cyclical
NASI.JK,Wahana Inti Makmur Tbk.,Consumer Non-Cyclical
NAYZ.JK,Hassana Boga Sejahtera Tbk.,Consumer Non-Cyclical
NSSS.JK,Nusantara Sawit Sejahtera Tbk.,Consumer Non-Cyclical
OILS.JK,Indo Oil Perkasa Tbk.,Consumer Non-Cyclical
PCAR.JK,Prima Cakrawala Abadi Tbk.,Consumer Non-Cyclical
PGUN.JK,Pradiksi Gunatama Tbk.,Consumer Non-Cyclical
PMMP.JK,Panca Mitra Multiperdana Tbk.,Consumer Non-Cyclical
PNGO.JK,Pinago Utama Tbk.,Consumer Non-Cyclical
PSDN.JK,Prasidha Aneka Niaga Tbk,Consumer Non-Cyclical
PSGO.JK,Palma Serasih Tbk.,Consumer Non-Cyclical
PTPS.JK,Pulau Subur Tbk.,Consumer Non-Cyclical
RANC.JK,Supra Boga Lestari Tbk.,Consumer Non-Cyclical
ROTI.JK,Nippon Indosari Corpindo Tbk.,Consumer Non-Cyclical
SDPC.JK,Millennium Pharmacon Internati,Consumer Non-Cyclical
SGRO.JK,Sampoerna Agro Tbk.,Consumer Non-Cyclical
SIMP.JK,Salim Ivomas Pratama Tbk.,Consumer Non-Cyclical
SIPD.JK,Sreeya Sewu Indonesia Tbk.,Consumer Non-Cyclical
SKBM.JK,Sekar Bumi Tbk.,Consumer Non-Cyclical
SKLT.JK,Sekar Laut Tbk.,Consumer Non-Cyclical
SMAR.JK,Smart Tbk.,Consumer Non-Cyclical
SOUL.JK,Mitra Tirta Buwana Tbk.,Consumer Non-Cyclical
SSMS.JK,Sawit Sumbermas Sarana Tbk.,Consumer Non-Cyclical
STAA.JK,Sumber Tani Agung Resources Tb,Consumer Non-Cyclical
STRK.JK,Lovina Beach Brewery Tbk.,Consumer Non-Cyclical
STTP.JK,Siantar Top Tbk.,Consumer Non-Cyclical
TAPG.JK,Triputra Agro Persada Tbk.,Consumer Non-Cyclical
TAYS.JK,Jaya Swarasa Agung Tbk.,Consumer Non-Cyclical
TBLA.JK,Tunas Baru Lampung Tbk.,Consumer Non-Cyclical
TCID.JK,Mandom Indonesia Tbk.,Consumer Non-Cyclical
TGKA.JK,Tigaraksa Satria Tbk.,Consumer Non-Cyclical
TGUK.JK,Platinum Wahab Nusantara Tbk.,Consumer Non-Cyclical
TLDN.JK,Teladan Prima Agro Tbk.,Consumer Non-Cyclical
TRGU.JK,Cerestar Indonesia Tbk.,Consumer Non-Cyclical
UCID.JK,Uni-Charm Indonesia Tbk.,Consumer Non-Cyclical
UDNG.JK,Agro Bahari Nusantara Tbk.,Consumer Non-Cyclical
ULTJ.JK,Ultrajaya Milk Industry & Trad,Consumer Non-Cyclical
UNSP.JK,Bakrie Sumatera Plantations Tb,Consumer Non-Cyclical
UNVR.JK,Unilever Indonesia Tbk.,Consumer Non-Cyclical
VICI.JK,Victoria Care Indonesia Tbk.,Consumer Non-Cyclical
WAPO.JK,Wahana Pronatural Tbk.,Consumer Non-Cyclical
WICO.JK,Wicaksana Overseas Internation,Consumer Non-Cyclical
WIIM.JK,Wismilak Inti Makmur Tbk.,Consumer Non-Cyclical
WINE.JK,Hatten Bali Tbk.,Consumer Non-Cyclical
WMPP.JK,Widodo Makmur Perkasa Tbk.,Consumer Non-Cyclical
WMUU.JK,Widodo Makmur Unggas Tbk.,Consumer Non-Cyclical
ABBA.JK,Mahaka Media Tbk.,Consumer Cyclical
ACES.JK,Aspirasi Hidup Indonesia Tbk.,Consumer Cyclical
ACRO.JK,Samcro Hyosung Adilestari Tbk.,Consumer Cyclical
AEGS.JK,Anugerah Spareparts Sejahtera ,Consumer Cyclical
AKKU.JK,Anugerah Kagum Karya Utama Tbk,Consumer Cyclical
ARGO.JK,Argo Pantes Tbk,Consumer Cyclical
ARTA.JK,Arthavest Tbk,Consumer Cyclical
ASLC.JK,Autopedia Sukses Lestari Tbk.,Consumer Cyclical
AUTO.JK,Astra Otoparts Tbk.,Consumer Cyclical
BABY.JK,Multitrend Indo Tbk.,Consumer Cyclical
BAIK.JK,Bersama Mencapai Puncak Tbk.,Consumer Cyclical
BATA.JK,Sepatu Bata Tbk.,Consumer Cyclical
BAUT.JK,Mitra Angkasa Sejahtera Tbk.,Consumer Cyclical
BAYU.JK,Bayu Buana Tbk,Consumer Cyclical
BELL.JK,Trisula Textile Industries Tbk,Consumer Cyclical
BIKE.JK,Sepeda Bersama Indonesia Tbk.,Consumer Cyclical
BIMA.JK,Primarindo Asia Infrastructure,Consumer Cyclical
BLTZ.JK,Graha Layar Prima Tbk.,Consumer Cyclical
BMBL.JK,Lavender Bina Cendikia Tbk.,Consumer Cyclical
BMTR.JK,Global Mediacom Tbk.,Consumer Cyclical
BOGA.JK,Bintang Oto Global Tbk.,Consumer Cyclical
BOLA.JK,Bali Bintang Sejahtera Tbk.,Consumer Cyclical
BOLT.JK,Garuda Metalindo Tbk.,Consumer Cyclical
BRAM.JK,Indo Kordsa Tbk.,Consumer Cyclical
BUVA.JK,Bukit Uluwatu Villa Tbk.,Consumer Cyclical
CARS.JK,Industri dan Perdagangan Bintr,Consumer Cyclical
CBMF.JK,Cahaya Bintang Medan Tbk.,Consumer Cyclical
CINT.JK,Chitose Internasional Tbk.,Consumer Cyclical
CLAY.JK,Citra Putra Realty Tbk.,Consumer Cyclical
CNMA.JK,Nusantara Sejahtera Raya Tbk.,Consumer Cyclical
CNTX.JK,Century Textile Industry Tbk.,Consumer Cyclical
CSAP.JK,Catur Sentosa Adiprana Tbk.,Consumer Cyclical
CSMI.JK,Cipta Selera Murni Tbk.,Consumer Cyclical
DEPO.JK,Caturkarda Depo Bangunan Tbk.,Consumer Cyclical
DFAM.JK,Dafam Property Indonesia Tbk.,Consumer Cyclical
DIGI.JK,Arkadia Digital Media Tbk.,Consumer Cyclical
DOOH.JK,Era Media Sejahtera Tbk.,Consumer Cyclical
DRMA.JK,Dharma Polimetal Tbk.,Consumer Cyclical
DUCK.JK,Jaya Bersama Indo Tbk.,Consumer Cyclical
EAST.JK,Eastparc Hotel Tbk.,Consumer Cyclical
ECII.JK,Electronic City Indonesia Tbk.,Consumer Cyclical
ENAK.JK,Champ Resto Indonesia Tbk.,Consumer Cyclical
ERAA.JK,Erajaya Swasembada Tbk.,Consumer Cyclical
ERAL.JK,Sinar Eka Selaras Tbk.,Consumer Cyclical
ERTX.JK,Eratex Djaja Tbk.,Consumer Cyclical
ESTA.JK,Esta Multi Usaha Tbk.,Consumer Cyclical
ESTI.JK,Ever Shine Tex Tbk.,Consumer Cyclical
FAST.JK,Fast Food Indonesia Tbk.,Consumer Cyclical
FILM.JK,MD Pictures Tbk.,Consumer Cyclical
FITT.JK,Hotel Fitra International Tbk.,Consumer Cyclical
FORU.JK,Fortune Indonesia Tbk,Consumer Cyclical
FUTR.JK,Lini Imaji Kreasi Ekosistem Tb,Consumer Cyclical
GDYR.JK,Goodyear Indonesia Tbk.,Consumer Cyclical
GEMA.JK,Gema Grahasarana Tbk.,Consumer Cyclical
GJTL.JK,Gajah Tunggal Tbk.,Consumer Cyclical
GLOB.JK,Globe Kita Terang Tbk.,Consumer Cyclical
GOLF.JK,Intra Golflink Resorts Tbk.,Consumer Cyclical
GRPH.JK,Griptha Putra Persada Tbk.,Consumer Cyclical
GWSA.JK,Greenwood Sejahtera Tbk.,Consumer Cyclical
HAJJ.JK,Arsy Buana Travelindo Tbk.,Consumer Cyclical
HDTX.JK,Panasia Indo Resources Tbk.,Consumer Cyclical
HOME.JK,Hotel Mandarine Regency Tbk.,Consumer Cyclical
HOTL.JK,Saraswati Griya Lestari Tbk.,Consumer Cyclical
HRME.JK,Menteng Heritage Realty Tbk.,Consumer Cyclical
HRTA.JK,Hartadinata Abadi Tbk.,Consumer Cyclical
IDEA.JK,Idea Indonesia Akademi Tbk.,Consumer Cyclical
IIKP.JK,Inti Agri Resources Tbk,Consumer Cyclical
IMAS.JK,Indomobil Sukses Internasional,Consumer Cyclical
INDR.JK,Indo-Rama Synthetics Tbk.,Consumer Cyclical
INDS.JK,Indospring Tbk.,Consumer Cyclical
INOV.JK,Inocycle Technology Group Tbk.,Consumer Cyclical
IPTV.JK,MNC Vision Networks Tbk.,Consumer Cyclical
ISAP.JK,Isra Presisi Indonesia Tbk.,Consumer Cyclical
JGLE.JK,Graha Andrasentra Propertindo ,Consumer Cyclical
JIHD.JK,Jakarta International Hotels &,Consumer Cyclical
JSPT.JK,Jakarta Setiabudi Internasiona,Consumer Cyclical
KDTN.JK,Puri Sentul Permai Tbk.,Consumer Cyclical
KICI.JK,Kedaung Indah Can Tbk,Consumer Cyclical
KLIN.JK,Klinko Karya Imaji Tbk.,Consumer Cyclical
KOTA.JK,DMS Propertindo Tbk.,Consumer Cyclical
KPIG.JK,MNC Land Tbk.,Consumer Cyclical
LFLO.JK,Imago Mulia Persada Tbk.,Consumer Cyclical
LIVE.JK,Homeco Victoria Makmur Tbk.,Consumer Cyclical
LMAX.JK,Lupromax Pelumas Indonesia Tbk,Consumer Cyclical
LMPI.JK,Langgeng Makmur Industri Tbk.,Consumer Cyclical
LPIN.JK,Multi Prima Sejahtera Tbk,Consumer Cyclical
LPPF.JK,Matahari Department Store Tbk.,Consumer Cyclical
LUCY.JK,Lima Dua Lima Tiga Tbk.,Consumer Cyclical
MABA.JK,Marga Abhinaya Abadi Tbk.,Consumer Cyclical
MAMI.JK,Mas Murni Indonesia Tbk,Consumer Cyclical
MAPA.JK,Map Aktif Adiperkasa Tbk.,Consumer Cyclical
MAPB.JK,MAP Boga Adiperkasa Tbk.,Consumer Cyclical
MAPI.JK,Mitra Adiperkasa Tbk.,Consumer Cyclical
MARI.JK,Mahaka Radio Integra Tbk.,Consumer Cyclical
MASA.JK,Multistrada Arah Sarana Tbk.,Consumer Cyclical
MDIA.JK,Intermedia Capital Tbk.,Consumer Cyclical
MEJA.JK,Harta Djaya Karya Tbk.,Consumer Cyclical
MGLV.JK,Panca Anugrah Wisesa Tbk.,Consumer Cyclical
MGNA.JK,Magna Investama Mandiri Tbk.,Consumer Cyclical
MICE.JK,Multi Indocitra Tbk.,Consumer Cyclical
MINA.JK,Sanurhasta Mitra Tbk.,Consumer Cyclical
MKNT.JK,Mitra Komunikasi Nusantara Tbk,Consumer Cyclical
MNCN.JK,Media Nusantara Citra Tbk.,Consumer Cyclical
MPMX.JK,Mitra Pinasthika Mustika Tbk.,Consumer Cyclical
MSIN.JK,MNC Digital Entertainment Tbk.,Consumer Cyclical
MSKY.JK,MNC Sky Vision Tbk.,Consumer Cyclical
MYTX.JK,Asia Pacific Investama Tbk.,Consumer Cyclical
NATO.JK,Surya Permata Andalan Tbk.,Consumer Cyclical
NETV.JK,Net Visi Media Tbk.,Consumer Cyclical
NIPS.JK,Nipress Tbk.,Consumer Cyclical
NUSA.JK,Sinergi Megah Internusa Tbk.,Consumer Cyclical
OLIV.JK,Oscar Mitra Sukses Sejahtera T,Consumer Cyclical
PANR.JK,Panorama Sentrawisata Tbk.,Consumer Cyclical
PART.JK,Cipta Perdana Lancar Tbk.,Consumer Cyclical
PBRX.JK,Pan Brothers Tbk.,Consumer Cyclical
PDES.JK,Destinasi Tirta Nusantara Tbk,Consumer Cyclical
PGLI.JK,Pembangunan Graha Lestari Inda,Consumer Cyclical
PJAA.JK,Pembangunan Jaya Ancol Tbk.,Consumer Cyclical
PLAN.JK,Planet Properindo Jaya Tbk.,Consumer Cyclical
PMJS.JK,Putra Mandiri Jembar Tbk.,Consumer Cyclical
PNSE.JK,Pudjiadi & Sons Tbk.,Consumer Cyclical
POLU.JK,Golden Flower Tbk.,Consumer Cyclical
POLY.JK,Asia Pacific Fibers Tbk,Consumer Cyclical
PRAS.JK,Prima Alloy Steel Universal Tb,Consumer Cyclical
PSKT.JK,Red Planet Indonesia Tbk.,Consumer Cyclical
PTSP.JK,Pioneerindo Gourmet Internatio,Consumer Cyclical
PZZA.JK,Sarimelati Kencana Tbk.,Consumer Cyclical
RAAM.JK,Tripar Multivision Plus Tbk.,Consumer Cyclical
RAFI.JK,Sari Kreasi Boga Tbk.,Consumer Cyclical
RALS.JK,Ramayana Lestari Sentosa Tbk.,Consumer Cyclical
RICY.JK,Ricky Putra Globalindo Tbk,Consumer Cyclical
SBAT.JK,Sejahtera Bintang Abadi Textil,Consumer Cyclical
SCMA.JK,Surya Citra Media Tbk.,Consumer Cyclical
SCNP.JK,Selaras Citra Nusantara Perkas,Consumer Cyclical
SHID.JK,Hotel Sahid Jaya International,Consumer Cyclical
SLIS.JK,Gaya Abadi Sempurna Tbk.,Consumer Cyclical
SMSM.JK,Selamat Sempurna Tbk.,Consumer Cyclical
SNLK.JK,Sunter Lakeside Hotel Tbk.,Consumer Cyclical
SOFA.JK,Boston Furniture Industries Tb,Consumer Cyclical
SONA.JK,Sona Topas Tourism Industry Tb,Consumer Cyclical
SOTS.JK,Satria Mega Kencana Tbk.,Consumer Cyclical
SPRE.JK,Soraya Berjaya Indonesia Tbk.,Consumer Cyclical
SRIL.JK,Sri Rejeki Isman Tbk.,Consumer Cyclical
SSTM.JK,Sunson Textile Manufacture Tbk,Consumer Cyclical
SWID.JK,Saraswanti Indoland Developmen,Consumer Cyclical
TELE.JK,Omni Inovasi Indonesia Tbk.,Consumer Cyclical
TFCO.JK,Tifico Fiber Indonesia Tbk.,Consumer Cyclical
TMPO.JK,Tempo Intimedia Tbk.,Consumer Cyclical
TOOL.JK,Rohartindo Nusantara Luas Tbk.,Consumer Cyclical
TOYS.JK,Sunindo Adipersada Tbk.,Consumer Cyclical
TRIO.JK,Trikomsel Oke Tbk.,Consumer Cyclical
TRIS.JK,Trisula International Tbk.,Consumer Cyclical
TYRE.JK,King Tire Indonesia Tbk.,Consumer Cyclical
UFOE.JK,Damai Sejahtera Abadi Tbk.,Consumer Cyclical
UNIT.JK,Nusantara Inti Corpora Tbk,Consumer Cyclical
UNTD.JK,Terang Dunia Internusa Tbk.,Consumer Cyclical
VIVA.JK,Visi Media Asia Tbk.,Consumer Cyclical
VKTR.JK,VKTR Teknologi Mobilitas Tbk.,Consumer Cyclical
WOOD.JK,Integra Indocabinet Tbk.,Consumer Cyclical
YELO.JK,Yelooo Integra Datanet Tbk.,Consumer Cyclical
ZATA.JK,Bersama Zatta Jaya Tbk.,Consumer Cyclical
ZONE.JK,Mega Perintis Tbk.,Consumer Cyclical
BMHS.JK,Bundamedik Tbk.,Healthcare
CARE.JK,Metro Healthcare Indonesia Tbk,Healthcare
DGNS.JK,Diagnos Laboratorium Utama Tbk,Healthcare
DVLA.JK,Darya-Varia Laboratoria Tbk.,Healthcare
HALO.JK,Haloni Jane Tbk.,Healthcare
HEAL.JK,Medikaloka Hermina Tbk.,Healthcare
IKPM.JK,Ikapharmindo Putramas Tbk.,Healthcare
INAF.JK,Indofarma Tbk.,Healthcare
IRRA.JK,Itama Ranoraya Tbk.,Healthcare
KAEF.JK,Kimia Farma Tbk.,Healthcare
KLBF.JK,Kalbe Farma Tbk.,Healthcare
LABS.JK,UBC Medical Indonesia Tbk.,Healthcare
MEDS.JK,Hetzer Medical Indonesia Tbk.,Healthcare
MERK.JK,Merck Tbk.,Healthcare
MIKA.JK,Mitra Keluarga Karyasehat Tbk.,Healthcare
MMIX.JK,Multi Medika Internasional Tbk,Healthcare
MTMH.JK,Murni Sadar Tbk.,Healthcare
OMED.JK,Jayamas Medica Industri Tbk.,Healthcare
PEHA.JK,Phapros Tbk.,Healthcare
PEVE.JK,Penta Valent Tbk.,Healthcare
PRAY.JK,Famon Awal Bros Sedaya Tbk.,Healthcare
PRDA.JK,Prodia Widyahusada Tbk.,Healthcare
PRIM.JK,Royal Prima Tbk.,Healthcare
PYFA.JK,Pyridam Farma Tbk,Healthcare
RSCH.JK,Charlie Hospital Semarang Tbk.,Healthcare
RSGK.JK,Kedoya Adyaraya Tbk.,Healthcare
SAME.JK,Sarana Meditama Metropolitan T,Healthcare
SCPI.JK,Organon Pharma Indonesia Tbk.,Healthcare
SIDO.JK,Industri Jamu dan Farmasi Sido,Healthcare
SILO.JK,Siloam International Hospitals,Healthcare
SOHO.JK,Soho Global Health Tbk.,Healthcare
SRAJ.JK,Sejahteraraya Anugrahjaya Tbk.,Healthcare
SURI.JK,Maja Agung Latexindo Tbk.,Healthcare
TSPC.JK,Tempo Scan Pacific Tbk.,Healthcare
ABDA.JK,Asuransi Bina Dana Arta Tbk.,Financials
ADMF.JK,Adira Dinamika Multi Finance T,Financials
AGRO.JK,Bank Raya Indonesia Tbk.,Financials
AGRS.JK,Bank IBK Indonesia Tbk.,Financials
AHAP.JK,Asuransi Harta Aman Pratama Tb,Financials
AMAG.JK,Asuransi Multi Artha Guna Tbk.,Financials
AMAR.JK,Bank Amar Indonesia Tbk.,Financials
AMOR.JK,Ashmore Asset Management Indon,Financials
APIC.JK,Pacific Strategic Financial Tb,Financials
ARTO.JK,Bank Jago Tbk.,Financials
ASBI.JK,Asuransi Bintang Tbk.,Financials
ASDM.JK,Asuransi Dayin Mitra Tbk.,Financials
ASJT.JK,Asuransi Jasa Tania Tbk.,Financials
ASMI.JK,Asuransi Maximus Graha Persada,Financials
ASRM.JK,Asuransi Ramayana Tbk.,Financials
BABP.JK,Bank MNC Internasional Tbk.,Financials
BACA.JK,Bank Capital Indonesia Tbk.,Financials
BANK.JK,Bank Aladin Syariah Tbk.,Financials
BBCA.JK,Bank Central Asia Tbk.,Financials
BBHI.JK,Allo Bank Indonesia Tbk.,Financials
BBKP.JK,Bank KB Bukopin Tbk.,Financials
BBLD.JK,Buana Finance Tbk.,Financials
BBMD.JK,Bank Mestika Dharma Tbk.,Financials
BBNI.JK,Bank Negara Indonesia (Persero,Financials
BBRI.JK,Bank Rakyat Indonesia (Persero,Financials
BBSI.JK,Krom Bank Indonesia Tbk.,Financials
BBTN.JK,Bank Tabungan Negara (Persero),Financials
BBYB.JK,Bank Neo Commerce Tbk.,Financials
BCAP.JK,MNC Kapital Indonesia Tbk.,Financials
BCIC.JK,Bank JTrust Indonesia Tbk.,Financials
BDMN.JK,Bank Danamon Indonesia Tbk.,Financials
BEKS.JK,Bank Pembangunan Daerah Banten,Financials
BFIN.JK,BFI Finance  Indonesia Tbk.,Financials
BGTG.JK,Bank Ganesha Tbk.,Financials
BHAT.JK,Bhakti Multi Artha Tbk.,Financials
BINA.JK,Bank Ina Perdana Tbk.,Financials
BJBR.JK,Bank Pembangunan Daerah Jawa B,Financials
BJTM.JK,Bank Pembangunan Daerah Jawa T,Financials
BKSW.JK,Bank QNB Indonesia Tbk.,Financials
BMAS.JK,Bank Maspion Indonesia Tbk.,Financials
BMRI.JK,Bank Mandiri (Persero) Tbk.,Financials
BNBA.JK,Bank Bumi Arta Tbk.,Financials
BNGA.JK,Bank CIMB Niaga Tbk.,Financials
BNII.JK,Bank Maybank Indonesia Tbk.,Financials
BNLI.JK,Bank Permata Tbk.,Financials
BPFI.JK,Woori Finance Indonesia Tbk.,Financials
BPII.JK,Batavia Prosperindo Internasio,Financials
BRIS.JK,Bank Syariah Indonesia Tbk.,Financials
BSIM.JK,Bank Sinarmas Tbk.,Financials
BSWD.JK,Bank Of India Indonesia Tbk.,Financials
BTPN.JK,Bank BTPN Tbk.,Financials
BTPS.JK,Bank BTPN Syariah Tbk.,Financials
BVIC.JK,Bank Victoria International Tb,Financials
CASA.JK,Capital Financial Indonesia Tb,Financials
CFIN.JK,Clipan Finance Indonesia Tbk.,Financials
DEFI.JK,Danasupra Erapacific Tbk.,Financials
DNAR.JK,Bank Oke Indonesia Tbk.,Financials
DNET.JK,Indoritel Makmur Internasional,Financials
FUJI.JK,Fuji Finance Indonesia Tbk.,Financials
GSMF.JK,Equity Development Investment ,Financials
HDFA.JK,Radana Bhaskara Finance Tbk.,Financials
INPC.JK,Bank Artha Graha Internasional,Financials
JMAS.JK,Asuransi Jiwa Syariah Jasa Mit,Financials
LIFE.JK,MSIG Life Insurance Indonesia ,Financials
LPGI.JK,Lippo General Insurance Tbk.,Financials
LPPS.JK,Lenox Pasifik Investama Tbk.,Financials
MASB.JK,Bank Multiarta Sentosa Tbk.,Financials
MAYA.JK,Bank Mayapada Internasional Tb,Financials
MCOR.JK,Bank China Construction Bank I,Financials
MEGA.JK,Bank Mega Tbk.,Financials
MFIN.JK,Mandala Multifinance Tbk.,Financials
MREI.JK,Maskapai Reasuransi Indonesia ,Financials
MTWI.JK,Malacca Trust Wuwungan Insuran,Financials
NICK.JK,Charnic Capital Tbk.,Financials
NISP.JK,Bank OCBC NISP Tbk.,Financials
NOBU.JK,Bank Nationalnobu Tbk.,Financials
OCAP.JK,Onix Capital Tbk.,Financials
PADI.JK,Minna Padi Investama Sekuritas,Financials
PALM.JK,Provident Investasi Bersama Tb,Financials
PANS.JK,Panin Sekuritas Tbk.,Financials
PEGE.JK,Panca Global Kapital Tbk.,Financials
PLAS.JK,Polaris Investama Tbk,Financials
PNBN.JK,Bank Pan Indonesia Tbk,Financials
PNBS.JK,Bank Panin Dubai Syariah Tbk.,Financials
PNIN.JK,Paninvest Tbk.,Financials
PNLF.JK,Panin Financial Tbk.,Financials
POLA.JK,Pool Advista Finance Tbk.,Financials
POOL.JK,Pool Advista Indonesia Tbk.,Financials
RELI.JK,Reliance Sekuritas Indonesia T,Financials
SDRA.JK,Bank Woori Saudara Indonesia 1,Financials
SFAN.JK,Surya Fajar Capital Tbk.,Financials
SMMA.JK,Sinarmas Multiartha Tbk.,Financials
SRTG.JK,Saratoga Investama Sedaya Tbk.,Financials
STAR.JK,Buana Artha Anugerah Tbk.,Financials
TIFA.JK,KDB Tifa Finance Tbk.,Financials
TRIM.JK,Trimegah Sekuritas Indonesia T,Financials
TRUS.JK,Trust Finance Indonesia Tbk,Financials
TUGU.JK,Asuransi Tugu Pratama Indonesi,Financials
VICO.JK,Victoria Investama Tbk.,Financials
VINS.JK,Victoria Insurance Tbk.,Financials
VRNA.JK,Mizuho Leasing Indonesia Tbk.,Financials
VTNY.JK,Venteny Fortuna International ,Financials
WOMF.JK,Wahana Ottomitra Multiartha Tb,Financials
YULE.JK,Yulie Sekuritas Indonesia Tbk.,Financials
ADCP.JK,Adhi Commuter Properti Tbk.,Properties & Real Estate
AMAN.JK,Makmur Berkah Amanda Tbk.,Properties & Real Estate
APLN.JK,Agung Podomoro Land Tbk.,Properties & Real Estate
ARMY.JK,Armidian Karyatama Tbk.,Properties & Real Estate
ASPI.JK,Andalan Sakti Primaindo Tbk.,Properties & Real Estate
ASRI.JK,Alam Sutera Realty Tbk.,Properties & Real Estate
ATAP.JK,Trimitra Prawara Goldland Tbk.,Properties & Real Estate
BAPA.JK,Bekasi Asri Pemula Tbk.,Properties & Real Estate
BAPI.JK,Bhakti Agung Propertindo Tbk.,Properties & Real Estate
BBSS.JK,Bumi Benowo Sukses Sejahtera T,Properties & Real Estate
BCIP.JK,Bumi Citra Permai Tbk.,Properties & Real Estate
BEST.JK,Bekasi Fajar Industrial Estate,Properties & Real Estate
BIKA.JK,Binakarya Jaya Abadi Tbk.,Properties & Real Estate
BIPP.JK,Bhuwanatala Indah Permai Tbk.,Properties & Real Estate
BKDP.JK,Bukit Darmo Property Tbk,Properties & Real Estate
BKSL.JK,Sentul City Tbk.,Properties & Real Estate
BSBK.JK,Wulandari Bangun Laksana Tbk.,Properties & Real Estate
BSDE.JK,Bumi Serpong Damai Tbk.,Properties & Real Estate
CBPE.JK,Citra Buana Prasida Tbk.,Properties & Real Estate
CITY.JK,Natura City Developments Tbk.,Properties & Real Estate
COWL.JK,Cowell Development Tbk.,Properties & Real Estate
CPRI.JK,Capri Nusa Satu Properti Tbk.,Properties & Real Estate
CSIS.JK,Cahayasakti Investindo Sukses ,Properties & Real Estate
CTRA.JK,Ciputra Development Tbk.,Properties & Real Estate
DADA.JK,Diamond Citra Propertindo Tbk.,Properties & Real Estate
DART.JK,Duta Anggada Realty Tbk.,Properties & Real Estate
DILD.JK,Intiland Development Tbk.,Properties & Real Estate
DMAS.JK,Puradelta Lestari Tbk.,Properties & Real Estate
DUTI.JK,Duta Pertiwi Tbk,Properties & Real Estate
ELTY.JK,Bakrieland Development Tbk.,Properties & Real Estate
EMDE.JK,Megapolitan Developments Tbk.,Properties & Real Estate
FMII.JK,Fortune Mate Indonesia Tbk,Properties & Real Estate
FORZ.JK,Forza Land Indonesia Tbk.,Properties & Real Estate
GAMA.JK,Aksara Global Development Tbk.,Properties & Real Estate
GMTD.JK,Gowa Makassar Tourism Developm,Properties & Real Estate
GPRA.JK,Perdana Gapuraprima Tbk.,Properties & Real Estate
GRIA.JK,Ingria Pratama Capitalindo Tbk,Properties & Real Estate
HBAT.JK,Minahasa Membangun Hebat Tbk.,Properties & Real Estate
HOMI.JK,Grand House Mulia Tbk.,Properties & Real Estate
INDO.JK,Royalindo Investa Wijaya Tbk.,Properties & Real Estate
INPP.JK,Indonesian Paradise Property T,Properties & Real Estate
IPAC.JK,Era Graharealty Tbk.,Properties & Real Estate
JRPT.JK,Jaya Real Property Tbk.,Properties & Real Estate
KBAG.JK,Karya Bersama Anugerah Tbk.,Properties & Real Estate
KIJA.JK,Kawasan Industri Jababeka Tbk.,Properties & Real Estate
KOCI.JK,Kokoh Exa Nusantara Tbk.,Properties & Real Estate
LAND.JK,Trimitra Propertindo Tbk.,Properties & Real Estate
LCGP.JK,Eureka Prima Jakarta Tbk.,Properties & Real Estate
LPCK.JK,Lippo Cikarang Tbk,Properties & Real Estate
LPKR.JK,Lippo Karawaci Tbk.,Properties & Real Estate
LPLI.JK,Star Pacific Tbk,Properties & Real Estate
MDLN.JK,Modernland Realty Tbk.,Properties & Real Estate
MKPI.JK,Metropolitan Kentjana Tbk.,Properties & Real Estate
MMLP.JK,Mega Manunggal Property Tbk.,Properties & Real Estate
MPRO.JK,Maha Properti Indonesia Tbk.,Properties & Real Estate
MSIE.JK,Multisarana Intan Eduka Tbk.,Properties & Real Estate
MTLA.JK,Metropolitan Land Tbk.,Properties & Real Estate
MTSM.JK,Metro Realty Tbk.,Properties & Real Estate
MYRX.JK,Hanson International Tbk.,Properties & Real Estate
NASA.JK,Andalan Perkasa Abadi Tbk.,Properties & Real Estate
NIRO.JK,City Retail Developments Tbk.,Properties & Real Estate
NZIA.JK,Nusantara Almazia Tbk.,Properties & Real Estate
OMRE.JK,Indonesia Prima Property Tbk,Properties & Real Estate
PAMG.JK,Bima Sakti Pertiwi Tbk.,Properties & Real Estate
PANI.JK,Pantai Indah Kapuk Dua Tbk.,Properties & Real Estate
PLIN.JK,Plaza Indonesia Realty Tbk.,Properties & Real Estate
POLI.JK,Pollux Hotels Group Tbk.,Properties & Real Estate
POLL.JK,Pollux Properties Indonesia Tb,Properties & Real Estate
POSA.JK,Bliss Properti Indonesia Tbk.,Properties & Real Estate
PPRO.JK,PP Properti Tbk.,Properties & Real Estate
PUDP.JK,Pudjiadi Prestige Tbk.,Properties & Real Estate
PURI.JK,Puri Global Sukses Tbk.,Properties & Real Estate
PWON.JK,Pakuwon Jati Tbk.,Properties & Real Estate
RBMS.JK,Ristia Bintang Mahkotasejati T,Properties & Real Estate
RDTX.JK,Roda Vivatex Tbk,Properties & Real Estate
REAL.JK,Repower Asia Indonesia Tbk.,Properties & Real Estate
RELF.JK,Graha Mitra Asia Tbk.,Properties & Real Estate
RIMO.JK,Rimo International Lestari Tbk,Properties & Real Estate
RISE.JK,Jaya Sukses Makmur Sentosa Tbk,Properties & Real Estate
ROCK.JK,Rockfields Properti Indonesia ,Properties & Real Estate
RODA.JK,Pikko Land Development Tbk.,Properties & Real Estate
SAGE.JK,Saptausaha Gemilangindah Tbk.,Properties & Real Estate
SATU.JK,Kota Satu Properti Tbk.,Properties & Real Estate
SMDM.JK,Suryamas Dutamakmur Tbk.,Properties & Real Estate
SMRA.JK,Summarecon Agung Tbk.,Properties & Real Estate
TARA.JK,Agung Semesta Sejahtera Tbk.,Properties & Real Estate
TRIN.JK,Perintis Triniti Properti Tbk.,Properties & Real Estate
TRUE.JK,Triniti Dinamik Tbk.,Properties & Real Estate
UANG.JK,Pakuan Tbk.,Properties & Real Estate
URBN.JK,Urban Jakarta Propertindo Tbk.,Properties & Real Estate
VAST.JK,Vastland Indonesia Tbk.,Properties & Real Estate
WINR.JK,Winner Nusantara Jaya Tbk.,Properties & Real Estate
AREA.JK,Dunia Virtual Online Tbk.,Technology
ATIC.JK,Anabatic Technologies Tbk.,Technology
AWAN.JK,Era Digital Media Tbk.,Technology
AXIO.JK,Tera Data Indonusa Tbk.,Technology
BELI.JK,Global Digital Niaga Tbk.,Technology
BUKA.JK,Bukalapak.com Tbk.,Technology
CASH.JK,Cashlez Worldwide Indonesia Tb,Technology
CHIP.JK,Pelita Teknologi Global Tbk.,Technology
CYBR.JK,ITSEC Asia Tbk.,Technology
DCII.JK,DCI Indonesia Tbk.,Technology
DIVA.JK,Distribusi Voucher Nusantara T,Technology
DMMX.JK,Digital Mediatama Maxima Tbk.,Technology
EDGE.JK,Indointernet Tbk.,Technology
ELIT.JK,Data Sinergitama Jaya Tbk.,Technology
EMTK.JK,Elang Mahkota Teknologi Tbk.,Technology
ENVY.JK,Envy Technologies Indonesia Tb,Technology
GLVA.JK,Galva Technologies Tbk.,Technology
GOTO.JK,GoTo Gojek Tokopedia Tbk.,Technology
HDIT.JK,Hensel Davest Indonesia Tbk.,Technology
IOTF.JK,Sumber Sinergi Makmur Tbk.,Technology
IRSX.JK,Aviana Sinar Abadi Tbk.,Technology
JATI.JK,Informasi Teknologi Indonesia ,Technology
KIOS.JK,Kioson Komersial Indonesia Tbk,Technology
KREN.JK,Quantum Clovera Investama Tbk.,Technology
LMAS.JK,Limas Indonesia Makmur Tbk,Technology
LUCK.JK,Sentral Mitra Informatika Tbk.,Technology
MCAS.JK,M Cash Integrasi Tbk.,Technology
MENN.JK,Menn Teknologi Indonesia Tbk.,Technology
MLPT.JK,Multipolar Technology Tbk.,Technology
MPIX.JK,Mitra Pedagang Indonesia Tbk.,Technology
MSTI.JK,Mastersystem Infotama Tbk.,Technology
MTDL.JK,Metrodata Electronics Tbk.,Technology
NFCX.JK,NFC Indonesia Tbk.,Technology
NINE.JK,Techno9 Indonesia Tbk.,Technology
PGJO.JK,Tourindo Guide Indonesia Tbk.,Technology
PTSN.JK,Sat Nusapersada Tbk,Technology
RUNS.JK,Global Sukses Solusi Tbk.,Technology
SKYB.JK,Northcliff Citranusa Indonesia,Technology
TECH.JK,Indosterling Technomedia Tbk.,Technology
TFAS.JK,Telefast Indonesia Tbk.,Technology
TOSK.JK,Topindo Solusi Komunika Tbk.,Technology
TRON.JK,Teknologi Karya Digital Nusa T,Technology
UVCR.JK,Trimegah Karya Pratama Tbk.,Technology
WGSH.JK,Wira Global Solusi Tbk.,Technology
WIFI.JK,Solusi Sinergi Digital Tbk.,Technology
WIRG.JK,WIR ASIA Tbk.,Technology
ZYRX.JK,Zyrexindo Mandiri Buana Tbk.,Technology
ACST.JK,Acset Indonusa Tbk.,Infrastructure
ADHI.JK,Adhi Karya (Persero) Tbk.,Infrastructure
ARKO.JK,Arkora Hydro Tbk.,Infrastructure
ASLI.JK,Asri Karya Lestari Tbk.,Infrastructure
BALI.JK,Bali Towerindo Sentra Tbk.,Infrastructure
BDKR.JK,Berdikari Pondasi Perkasa Tbk.,Infrastructure
BREN.JK,Barito Renewables Energy Tbk.,Infrastructure
BTEL.JK,Bakrie Telecom Tbk.,Infrastructure
BUKK.JK,Bukaka Teknik Utama Tbk.,Infrastructure
CASS.JK,Cardig Aero Services Tbk.,Infrastructure
CENT.JK,Centratama Telekomunikasi Indo,Infrastructure
CMNP.JK,Citra Marga Nusaphala Persada ,Infrastructure
DATA.JK,Remala Abadi Tbk.,Infrastructure
DGIK.JK,Nusa Konstruksi Enjiniring Tbk,Infrastructure
EXCL.JK,XL Axiata Tbk.,Infrastructure
FIMP.JK,Fimperkasa Utama Tbk.,Infrastructure
FREN.JK,Smartfren Telecom Tbk.,Infrastructure
GHON.JK,Gihon Telekomunikasi Indonesia,Infrastructure
GMFI.JK,Garuda Maintenance Facility Ae,Infrastructure
GOLD.JK,Visi Telekomunikasi Infrastruk,Infrastructure
HADE.JK,Himalaya Energi Perkasa Tbk.,Infrastructure
IBST.JK,Inti Bangun Sejahtera Tbk.,Infrastructure
IDPR.JK,Indonesia Pondasi Raya Tbk.,Infrastructure
INET.JK,Sinergi Inti Andalan Prima Tbk,Infrastructure
IPCC.JK,Indonesia Kendaraan Terminal T,Infrastructure
IPCM.JK,Jasa Armada Indonesia Tbk.,Infrastructure
ISAT.JK,Indosat Tbk.,Infrastructure
JAST.JK,Jasnita Telekomindo Tbk.,Infrastructure
JKON.JK,Jaya Konstruksi Manggala Prata,Infrastructure
JSMR.JK,Jasa Marga (Persero) Tbk.,Infrastructure
KARW.JK,Meratus Jasa Prima Tbk.,Infrastructure
KBLV.JK,First Media Tbk.,Infrastructure
KEEN.JK,Kencana Energi Lestari Tbk.,Infrastructure
KETR.JK,Ketrosden Triasmitra Tbk.,Infrastructure
KOKA.JK,Koka Indonesia Tbk.,Infrastructure
KRYA.JK,Bangun Karya Perkasa Jaya Tbk.,Infrastructure
LCKM.JK,LCK Global Kedaton Tbk.,Infrastructure
LINK.JK,Link Net Tbk.,Infrastructure
MANG.JK,Manggung Polahraya Tbk.,Infrastructure
META.JK,Nusantara Infrastructure Tbk.,Infrastructure
MORA.JK,Mora Telematika Indonesia Tbk.,Infrastructure
MPOW.JK,Megapower Makmur Tbk.,Infrastructure
MTEL.JK,Dayamitra Telekomunikasi Tbk.,Infrastructure
MTPS.JK,Meta Epsi Tbk.,Infrastructure
MTRA.JK,Mitra Pemuda Tbk.,Infrastructure
NRCA.JK,Nusa Raya Cipta Tbk.,Infrastructure
OASA.JK,Maharaksa Biru Energi Tbk.,Infrastructure
PBSA.JK,Paramita Bangun Sarana Tbk.,Infrastructure
PGEO.JK,Pertamina Geothermal Energy Tb,Infrastructure
PORT.JK,Nusantara Pelabuhan Handal Tbk,Infrastructure
POWR.JK,Cikarang Listrindo Tbk.,Infrastructure
PPRE.JK,PP Presisi Tbk.,Infrastructure
PTDU.JK,Djasa Ubersakti Tbk.,Infrastructure
PTPP.JK,PP (Persero) Tbk.,Infrastructure
PTPW.JK,Pratama Widya Tbk.,Infrastructure
RONY.JK,Aesler Grup Internasional Tbk.,Infrastructure
SMKM.JK,Sumber Mas Konstruksi Tbk.,Infrastructure
SSIA.JK,Surya Semesta Internusa Tbk.,Infrastructure
SUPR.JK,Solusi Tunas Pratama Tbk.,Infrastructure
TAMA.JK,Lancartama Sejati Tbk.,Infrastructure
TBIG.JK,Tower Bersama Infrastructure T,Infrastructure
TGRA.JK,Terregra Asia Energy Tbk.,Infrastructure
TLKM.JK,Telkom Indonesia (Persero) Tbk,Infrastructure
TOPS.JK,Totalindo Eka Persada Tbk.,Infrastructure
TOTL.JK,Total Bangun Persada Tbk.,Infrastructure
TOWR.JK,Sarana Menara Nusantara Tbk.,Infrastructure
WEGE.JK,Wijaya Karya Bangunan Gedung T,Infrastructure
WIKA.JK,Wijaya Karya (Persero) Tbk.,Infrastructure
WSKT.JK,Waskita Karya (Persero) Tbk.,Infrastructure
AKSI.JK,Mineral Sumberdaya Mandiri Tbk,Transportation & Logistics
ASSA.JK,Adi Sarana Armada Tbk.,Transportation & Logistics
BIRD.JK,Blue Bird Tbk.,Transportation & Logistics
BLTA.JK,Berlian Laju Tanker Tbk,Transportation & Logistics
BPTR.JK,Batavia Prosperindo Trans Tbk.,Transportation & Logistics
CMPP.JK,AirAsia Indonesia Tbk.,Transportation & Logistics
DEAL.JK,Dewata Freightinternational Tb,Transportation & Logistics
ELPI.JK,Pelayaran Nasional Ekalya Purn,Transportation & Logistics
GIAA.JK,Garuda Indonesia (Persero) Tbk,Transportation & Logistics
GTRA.JK,Grahaprima Suksesmandiri Tbk.,Transportation & Logistics
HAIS.JK,Hasnur Internasional Shipping ,Transportation & Logistics
HATM.JK,Habco Trans Maritima Tbk.,Transportation & Logistics
HELI.JK,Jaya Trishindo Tbk.,Transportation & Logistics
IMJS.JK,Indomobil Multi Jasa Tbk.,Transportation & Logistics
JAYA.JK,Armada Berjaya Trans Tbk.,Transportation & Logistics
KJEN.JK,Krida Jaringan Nusantara Tbk.,Transportation & Logistics
KLAS.JK,Pelayaran Kurnia Lautan Semest,Transportation & Logistics
LAJU.JK,Jasa Berdikari Logistics Tbk.,Transportation & Logistics
LOPI.JK,Logisticsplus International Tb,Transportation & Logistics
LRNA.JK,Eka Sari Lorena Transport Tbk.,Transportation & Logistics
MIRA.JK,Mitra International Resources ,Transportation & Logistics
MITI.JK,Mitra Investindo Tbk.,Transportation & Logistics
MPXL.JK,MPX Logistics International Tb,Transportation & Logistics
NELY.JK,Pelayaran Nelly Dwi Putri Tbk.,Transportation & Logistics
PPGL.JK,Prima Globalindo Logistik Tbk.,Transportation & Logistics
PURA.JK,Putra Rajawali Kencana Tbk.,Transportation & Logistics
RCCC.JK,Utama Radar Cahaya Tbk.,Transportation & Logistics
SAFE.JK,Steady Safe Tbk,Transportation & Logistics
SAPX.JK,Satria Antaran Prima Tbk.,Transportation & Logistics
SDMU.JK,Sidomulyo Selaras Tbk.,Transportation & Logistics
SMDR.JK,Samudera Indonesia  Tbk.,Transportation & Logistics
TAXI.JK,Express Transindo Utama Tbk.,Transportation & Logistics
TMAS.JK,Temas Tbk.,Transportation & Logistics
TNCA.JK,Trimuda Nuansa Citra Tbk.,Transportation & Logistics
TRJA.JK,Transkon Jaya Tbk.,Transportation & Logistics
TRUK.JK,Guna Timur Raya Tbk.,Transportation & Logistics
WEHA.JK,WEHA Transportasi Indonesia Tb,Transportation & Logistics
